{
  "AAPL-MSFT": {
    "adf_p": 0.12403572666540075,
    "annual_return": 0.07128817752327432,
    "annual_volatility": 0.1198133487553704,
    "average_turnover": 0.07447607495128035,
    "cointegration_p": 0.2923061692353234,
    "cointegration_t": -2.470335829660697,
    "max_drawdown": -0.20241635789639145,
    "sharpe": 0.6345884424639098,
    "sharpe_ci_95": [
      -0.06496108780978316,
      1.3503983573094878
    ],
    "sortino": 0.7074991307616144
  },
  "KO-PEP": {
    "adf_p": 0.007258028630121739,
    "annual_return": 0.014559494002553519,
    "annual_volatility": 0.0849699106583474,
    "average_turnover": 0.06943717620447076,
    "cointegration_p": 0.029427304124489084,
    "cointegration_t": -3.534865243591031,
    "max_drawdown": -0.12881121592385636,
    "sharpe": 0.21246926677970687,
    "sharpe_ci_95": [
      -0.46457401379824037,
      0.8896832056440249
    ],
    "sortino": 0.2352342261998285
  },
  "XOM-CVX": {
    "adf_p": 0.0341505981310621,
    "annual_return": -0.016283891755097146,
    "annual_volatility": 0.10038239652802468,
    "average_turnover": 0.04679360579939528,
    "cointegration_p": 0.10676311155383489,
    "cointegration_t": -3.0146544359114107,
    "max_drawdown": -0.30220626485870494,
    "sharpe": -0.11336927047350817,
    "sharpe_ci_95": [
      -0.7954338178740203,
      0.5508353920359913
    ],
    "sortino": -0.1373207295173914
  }
}
