{
  "AAPL-MSFT": {
    "sharpe_ci_95": [
      -0.06496108780978316,
      1.3503983573094878
    ]
  },
  "KO-PEP": {
    "sharpe_ci_95": [
      -0.46457401379824037,
      0.8896832056440249
    ]
  },
  "XOM-CVX": {
    "sharpe_ci_95": [
      -0.7954338178740203,
      0.5508353920359913
    ]
  }
}
